	Fisher	Chi2	Barnard	Boschloo	cn1D-NO	48A1-NO	48A2-NO	48A3-NO	53A1-NO	58A1-NO	58A2-NO	58A3-NO	58A4-NO	14C1-NO	15C1-NO	34C1-NO	63C1-NO	63C2-NO	8C1-NO	cn1C-NO	cn10C-NO	cn11C-NO	cn13C-NO	cn15C-NO	cn16C-NO	cn17C-NO	cn18C-NO	cn2C-NO	cn21C-NO	cn23C-NO	cn26C-NO	cn27C-NO	cn3C-NO	cn30C-NO	cn31C-NO	cn32C-NO	cn33C-NO	cn34C-NO	cn35C-NO	cn36C-NO	cn37C-NO	cn39C-NO	cn4C-NO	cn40C-NO	cn41C-NO	cn43C-NO	cn44C-NO	cn45C-NO	cn47C-NO	cn48C-NO	cn5C-NO	cn50C-NO	cn51C-NO	cn52C-NO	cn53C-NO	cn54C-NO	cn56C-NO	cn57C-NO	cn61C-NO	cn62C-NO	cn64C-NO	cn65C-NO	cn66C-NO	cn67C-NO	cn69C-NO	cn7C-NO	cn70C-NO	cn71C-NO	cn72C-NO	cn73C-NO	cn74C-NO	cn75C-NO	cn76C-NO	cn78C-NO	33D1-YES	57D1-YES	57D2-YES	64D1-YES	12C1-YES	38C1-YES	49C1-YES	57C1-YES	cn38C-YES	cn42C-YES	cn49C-YES	cn55C-YES	cn60C-YES	cn63C-YES	cn68C-YES	cn79C-YES
TRAT1	3.066992125699135	3.541175348401919	1.7444682298462686	3.229138500971531																																																																												Missense			Missense				Missense		Nonsense	
EMSY	2.6841001710822763	2.923266631839692	2.224747353997179	2.79094498861515																				Missense														In frame indel,In frame indel																																					Missense	Missense								Missense			Missense		Missense	
HAO1	2.422097407549686	2.6303837351135715	1.6406358967696815	2.5401910202004565																																																														Missense										Missense			Missense,Missense		Missense,Missense				Missense					
JAZF1	2.422097407549686	2.6303837351135715	1.6406358967696815	2.5401910202004565																																																																						Frameshift indel					Missense		Nonsense		Missense,Missense		Missense					
MXD1	2.422097407549686	2.6303837351135715	1.6406358967696815	2.5401910202004565																																Missense,Missense																																							Missense				Missense				Missense							Missense
CELSR2	2.3707285873673136	1.8446045207265986	2.2152830978663944	2.518636005120826			Missense			Missense					Missense				Missense,Nonsense	Missense		Missense		Missense	Missense	Missense		Missense					Missense,Missense			Missense				Missense	Missense	Missense								Missense	Missense	Missense	Missense				Nonsense			Missense					Missense	Missense,Missense		Missense																						
IGSF1	2.311039170934186	2.3909485637257215	2.088528000162015	2.38837397397845																																				Missense			Missense																														Missense		Missense				Missense	Missense	Missense		Frameshift indel							
PRMT2	2.311039170934186	2.3909485637257215	2.088528000162015	2.38837397397845																	Missense														Missense																																	Missense							Missense				Missense	Missense		Missense		Missense						
GMCL2	2.2618573856298965	2.4735236227114945	1.8749148148392603	2.353463812792976																																																																									Missense										Missense		Missense	
GPR141	2.2618573856298965	2.4735236227114945	1.8749148148392603	2.353463812792976																																																																														Missense	Missense		Missense					
HACE1	2.2618573856298965	2.4735236227114945	1.8749148148392603	2.353463812792976																																																																									Missense		Missense										Missense	
KLRB1	2.2618573856298965	2.4735236227114945	1.8749148148392603	2.353463812792976																																																																							Splice site						Missense									Missense
MYO18B	2.038366473479977	1.5531491960234818	1.9512810963823402	2.1519366429510205		Nonsense		Missense		Missense										Missense	Missense	Missense		Missense,Missense	Missense												Missense,Missense	Missense		Missense				Missense						Missense	Missense	Missense	Missense		Nonsense			Missense								Missense,Missense	Missense							Missense																
MCF2L2	2.012130655615807	1.9775182067490267	1.9677140724110211	2.0425481805757104																			Missense				Missense													Missense																				Nonsense															Missense	Missense	Missense	Missense			Missense									
NPEPL1	2.012130655615807	1.9775182067490267	1.9677140724110211	2.0425481805757104												Missense														Missense								Missense		Missense																																				Missense					Missense,Missense		Missense	Missense					Missense	
ARIH1	1.9993061684290092	2.0214051192982363	1.5543312000213885	2.069413575315835																			Missense		Missense																																																		Missense						Missense						Missense		Nonsense	
CSRNP2	1.9993061684290092	2.0214051192982363	1.5543312000213885	2.069413575315835															Missense																																								Missense																Missense						Missense					Missense		Splice site		
GUCY1A2	1.9993061684290092	2.0214051192982363	1.5543312000213885	2.069413575315835																										Missense	Missense																																												Missense				Missense				Missense				Frameshift indel,Missense			
SPATA18	1.9993061684290092	2.0214051192982363	1.5543312000213885	2.069413575315835									Missense																																						Missense																								Missense		Missense				Frameshift indel								Missense	
TRPC4	1.9993061684290092	2.0214051192982363	1.5543312000213885	2.069413575315835																	Missense								Missense																																														Missense					Missense	Missense	Missense								
ZSWIM5	1.9993061684290092	2.0214051192982363	1.5543312000213885	2.069413575315835																														Missense																	Nonsense																										Missense			Missense	Missense		Missense							
CALCR	1.76473413001247	1.6476856580749653	1.3174394650109666	1.7679497482610336															Missense	Missense,Missense,Missense	Missense			Missense																														Missense																									Missense		Missense		Missense			Missense	Missense			
MAP2K7	1.76473413001247	1.6476856580749653	1.3174394650109666	1.7679497482610336	Missense											Missense														Missense,Missense				Missense																	Missense,Missense																								Missense,Missense				Missense	Missense	Missense			Frameshift indel						
PTK2	1.76473413001247	1.6476856580749653	1.3174394650109666	1.7679497482610336		Missense								Missense	Missense							Nonsense		Missense																																																			Missense			Missense	Missense,Missense				Missense	Missense						
LRRK1	1.7530212663192497	1.3700166443897168	1.6929551732720882	1.9205352667660693	Missense		Missense	Missense								Missense,Missense			Missense	Missense		Missense	Missense		Missense	Missense	Missense,Missense				Missense,Missense					Missense	Missense		Missense			Missense	Missense										Missense		Missense																																			
ZNF469	1.7530212663192497	1.3700166443897168	1.6929551732720882	1.9205352667660693	Missense	Missense		Missense,Missense		Missense						Missense			Missense,Missense	Missense		Missense,Missense	Missense	Missense						Missense,Missense	Missense		Missense			Missense,Missense											Missense							Missense						Missense													Missense	Missense																
STAB2	1.7477013001717296	1.4605668312714581	1.634692573219064	1.9846256391217243			Missense	Missense							Missense				Missense					Missense	Nonsense,Nonsense,Nonsense	Missense	Missense	Missense		Missense		Missense	Missense					Missense								Missense	Missense						Missense,Missense	Nonsense,Nonsense													Missense,Missense		Missense			Missense																		
EPPK1	1.7192098641470124	1.281349694080285	1.6357625758724474	1.787945369701663	Missense			Missense								Missense			Missense,Missense,Missense	Missense				Missense,Missense	Missense,Missense,Missense	Missense,Missense	Missense,Missense	Missense,Missense,Missense	Missense	Missense		Missense,Missense	Missense			Missense	Missense														Missense															Missense																								
ANXA1	1.7140678576518622	1.680517919866619	1.3900458046277602	1.7580173133904082																								Missense																																															Missense				Missense	Missense										
ARSG	1.7140678576518622	1.680517919866619	1.3900458046277602	1.7580173133904082																										Missense																																													Missense				Missense		Missense									
ATXN3	1.7140678576518622	1.680517919866619	1.3900458046277602	1.7580173133904082																			Missense																																																				Missense						Missense								Nonsense	
CDC16	1.7140678576518622	1.680517919866619	1.3900458046277602	1.7580173133904082																																			Missense																																								Missense		Missense				Missense					
COG5	1.7140678576518622	1.680517919866619	1.3900458046277602	1.7580173133904082																																						Missense																																	Missense	Missense			Missense											
CTNS	1.7140678576518622	1.680517919866619	1.3900458046277602	1.7580173133904082															Missense,Missense																																																								Missense	Missense					Missense									
FBXO43	1.7140678576518622	1.680517919866619	1.3900458046277602	1.7580173133904082																					Frameshift indel,Missense																																																			Missense			Missense	Missense										
GLIS1	1.7140678576518622	1.680517919866619	1.3900458046277602	1.7580173133904082															Missense																																																								Missense				Missense					Missense						
HTRA3	1.7140678576518622	1.680517919866619	1.3900458046277602	1.7580173133904082																	Missense																																																						Missense				Missense		Missense									
KCNA1	1.7140678576518622	1.680517919866619	1.3900458046277602	1.7580173133904082																																															Nonsense																										Missense				Missense							Missense		
LEXM	1.7140678576518622	1.680517919866619	1.3900458046277602	1.7580173133904082																				Missense,Missense																																																			Nonsense					Missense									Missense	
MAML1	1.7140678576518622	1.680517919866619	1.3900458046277602	1.7580173133904082	Missense																																																																										Missense				Missense						Missense	
OR56A1	1.7140678576518622	1.680517919866619	1.3900458046277602	1.7580173133904082																																																												Nonsense															Missense				Nonsense				Frameshift indel			
RBM46	1.7140678576518622	1.680517919866619	1.3900458046277602	1.7580173133904082																					Missense																																																						Missense	Nonsense									Missense	
S1PR4	1.7140678576518622	1.680517919866619	1.3900458046277602	1.7580173133904082		Missense																																																																					Missense					Missense					Missense					
SOCS6	1.7140678576518622	1.680517919866619	1.3900458046277602	1.7580173133904082																																																						Missense																					Missense					Missense					Missense	
TMEM120B	1.7140678576518622	1.680517919866619	1.3900458046277602	1.7580173133904082																											Missense																																																		Missense			Missense						Missense
CBY2	1.6858990674776586	1.5860186091778499	1.4800374228733961	1.71732687459279						Nonsense														Missense																		In frame indel																																		Missense	Frameshift indel				Missense			Missense						
CHSY1	1.6858990674776586	1.5860186091778499	1.4800374228733961	1.71732687459279																		Missense,Missense														Missense								Missense																																			Missense	Missense						Missense			Missense	
COPB2	1.6858990674776586	1.5860186091778499	1.4800374228733961	1.71732687459279																				Missense																				Missense																			Missense																Nonsense			Missense			Missense					Missense
DCLK2	1.6858990674776586	1.5860186091778499	1.4800374228733961	1.71732687459279								Missense															Missense		Missense																																																		Missense	Missense	Missense	Missense								
PEX16	1.6858990674776586	1.5860186091778499	1.4800374228733961	1.71732687459279	Missense																					Missense																																								Missense										Missense			Nonsense				Missense	Missense						
CCDC39	1.5554776597357223	1.3789379645296043	1.2701274944419563	1.5551816732279122																Missense	Nonsense				Missense																		Missense			Missense																										Missense				Missense						Missense,Missense	Missense			Missense	Missense,Missense			
CTNNA2	1.5554776597357223	1.3789379645296043	1.2701274944419563	1.5551816732279122				Missense							Missense	Missense,Missense							Missense																									Splice site												Missense																Nonstop				Missense,Missense						Nonsense		Missense,Missense	Missense	
ENGASE	1.5554776597357223	1.3789379645296043	1.2701274944419563	1.5551816732279122				Nonsense												Missense	Nonsense		Missense,Missense				Frameshift indel			Missense																																													Missense		Missense						Frameshift indel		Missense	Missense				
ACP1	1.483706135246254	1.4190507250097422	1.3384560802854069	1.4842251997697744																																																																							Missense					Missense,Missense										
ADCYAP1	1.483706135246254	1.4190507250097422	1.3384560802854069	1.4842251997697744																																																																											Missense	Missense										
ADIRF	1.483706135246254	1.4190507250097422	1.3384560802854069	1.4842251997697744																																																																													Nonsense					Missense				
ARHGDIA	1.483706135246254	1.4190507250097422	1.3384560802854069	1.4842251997697744																																																																							Missense						Missense									
ARMS2	1.483706135246254	1.4190507250097422	1.3384560802854069	1.4842251997697744																																																																							Missense										Missense					
BLMH	1.483706135246254	1.4190507250097422	1.3384560802854069	1.4842251997697744																																																																								Missense				Missense										
BSND	1.483706135246254	1.4190507250097422	1.3384560802854069	1.4842251997697744																																																																											Missense					Missense						
BX276092.9	1.483706135246254	1.4190507250097422	1.3384560802854069	1.4842251997697744																																																																															Missense			Missense				
C11orf54	1.483706135246254	1.4190507250097422	1.3384560802854069	1.4842251997697744																																																																							Missense,Missense						Missense,Missense									
CASTOR1	1.483706135246254	1.4190507250097422	1.3384560802854069	1.4842251997697744																																																																														Missense			Missense					
CCDC127	1.483706135246254	1.4190507250097422	1.3384560802854069	1.4842251997697744																																																																							Missense					Missense										
CCDC148	1.483706135246254	1.4190507250097422	1.3384560802854069	1.4842251997697744																																																																								Missense,Missense				Nonsense										
CCNG1	1.483706135246254	1.4190507250097422	1.3384560802854069	1.4842251997697744																																																																														Missense			Missense					
CCNP	1.483706135246254	1.4190507250097422	1.3384560802854069	1.4842251997697744																																																																									Missense												Missense	
CD81	1.483706135246254	1.4190507250097422	1.3384560802854069	1.4842251997697744																																																																													Missense				Missense					
CFAP91	1.483706135246254	1.4190507250097422	1.3384560802854069	1.4842251997697744																																																																							Missense	Missense														
CLEC4F	1.483706135246254	1.4190507250097422	1.3384560802854069	1.4842251997697744																																																																											Missense							Missense				
CRKL	1.483706135246254	1.4190507250097422	1.3384560802854069	1.4842251997697744																																																																														Missense	Missense							
CRYGS	1.483706135246254	1.4190507250097422	1.3384560802854069	1.4842251997697744																																																																												Missense					Missense					
CXorf65	1.483706135246254	1.4190507250097422	1.3384560802854069	1.4842251997697744																																																																							Missense				Missense											
CYP4F11	1.483706135246254	1.4190507250097422	1.3384560802854069	1.4842251997697744																																																																									Missense		Missense											
DKK2	1.483706135246254	1.4190507250097422	1.3384560802854069	1.4842251997697744																																																																													Missense			Missense						
FGF8	1.483706135246254	1.4190507250097422	1.3384560802854069	1.4842251997697744																																																																							Missense						Missense									
FLYWCH2	1.483706135246254	1.4190507250097422	1.3384560802854069	1.4842251997697744																																																																												Missense					Missense					
GREM2	1.483706135246254	1.4190507250097422	1.3384560802854069	1.4842251997697744																																																																												Missense				Missense						
HSH2D	1.483706135246254	1.4190507250097422	1.3384560802854069	1.4842251997697744																																																																							Missense				Missense											
HTR2C	1.483706135246254	1.4190507250097422	1.3384560802854069	1.4842251997697744																																																																									Missense			Missense										
JCHAIN	1.483706135246254	1.4190507250097422	1.3384560802854069	1.4842251997697744																																																																							Missense														Missense	
KIFBP	1.483706135246254	1.4190507250097422	1.3384560802854069	1.4842251997697744																																																																								Missense			Missense											
KLHDC1	1.483706135246254	1.4190507250097422	1.3384560802854069	1.4842251997697744																																																																							Missense						Missense									
KRBA2	1.483706135246254	1.4190507250097422	1.3384560802854069	1.4842251997697744																																																																											Missense	Missense										
MAD2L2	1.483706135246254	1.4190507250097422	1.3384560802854069	1.4842251997697744																																																																											Missense				Missense							
MAIP1	1.483706135246254	1.4190507250097422	1.3384560802854069	1.4842251997697744																																																																							Missense	In frame indel														
MKX	1.483706135246254	1.4190507250097422	1.3384560802854069	1.4842251997697744																																																																														Frameshift indel						Missense		
MRPL46	1.483706135246254	1.4190507250097422	1.3384560802854069	1.4842251997697744																																																																												Missense									Missense	
NME1	1.483706135246254	1.4190507250097422	1.3384560802854069	1.4842251997697744																																																																											Missense			Splice site								
OR13C8	1.483706135246254	1.4190507250097422	1.3384560802854069	1.4842251997697744																																																																														Missense	Missense							
PITHD1	1.483706135246254	1.4190507250097422	1.3384560802854069	1.4842251997697744																																																																											Missense			Nonsense								
PLCZ1	1.483706135246254	1.4190507250097422	1.3384560802854069	1.4842251997697744																																																																							Missense											Missense				
POF1B	1.483706135246254	1.4190507250097422	1.3384560802854069	1.4842251997697744																																																																														Missense			Missense					
PPP1R15B	1.483706135246254	1.4190507250097422	1.3384560802854069	1.4842251997697744																																																																																		Nonsense				Missense
PRKRIP1	1.483706135246254	1.4190507250097422	1.3384560802854069	1.4842251997697744																																																																															Nonsense						Missense	
PTH	1.483706135246254	1.4190507250097422	1.3384560802854069	1.4842251997697744																																																																											Missense			Missense								
RBM4	1.483706135246254	1.4190507250097422	1.3384560802854069	1.4842251997697744																																																																							Missense								Missense							
RGS19	1.483706135246254	1.4190507250097422	1.3384560802854069	1.4842251997697744																																																																									Missense									Missense				
RHOXF1	1.483706135246254	1.4190507250097422	1.3384560802854069	1.4842251997697744																																																																							Missense					Missense										
SASS6	1.483706135246254	1.4190507250097422	1.3384560802854069	1.4842251997697744																																																																															Missense		Missense					
SHISA2	1.483706135246254	1.4190507250097422	1.3384560802854069	1.4842251997697744																																																																												Missense		Frameshift indel								
SIGLEC7	1.483706135246254	1.4190507250097422	1.3384560802854069	1.4842251997697744																																																																									Missense							Frameshift indel						
SLAIN2	1.483706135246254	1.4190507250097422	1.3384560802854069	1.4842251997697744																																																																							Missense,Missense				Missense											
SLC45A2	1.483706135246254	1.4190507250097422	1.3384560802854069	1.4842251997697744																																																																														Missense	Missense							
SPATA48	1.483706135246254	1.4190507250097422	1.3384560802854069	1.4842251997697744																																																																														Missense				Missense				
STARD5	1.483706135246254	1.4190507250097422	1.3384560802854069	1.4842251997697744																																																																														Splice site				Missense				
TMCO1	1.483706135246254	1.4190507250097422	1.3384560802854069	1.4842251997697744																																																																							Nonsense		Missense,Missense													
TMEM218	1.483706135246254	1.4190507250097422	1.3384560802854069	1.4842251997697744																																																																								Missense			Nonstop											
UBE2E3	1.483706135246254	1.4190507250097422	1.3384560802854069	1.4842251997697744																																																																								Missense												In frame indel		
UBE2QL1	1.483706135246254	1.4190507250097422	1.3384560802854069	1.4842251997697744																																																																							Missense					Missense										
WDR83	1.483706135246254	1.4190507250097422	1.3384560802854069	1.4842251997697744																																																																							Missense														Splice site	
ZFP30	1.483706135246254	1.4190507250097422	1.3384560802854069	1.4842251997697744																																																																											Missense	Missense										
ZNF711	1.483706135246254	1.4190507250097422	1.3384560802854069	1.4842251997697744																																																																														Missense	Frameshift indel,Missense							
ZNF837	1.483706135246254	1.4190507250097422	1.3384560802854069	1.4842251997697744																																																																												Missense			Missense							
ADGRB2	1.4737487466275212	1.1944164854371153	1.5323392769866193	1.6375142035752188	Missense	Missense		Missense						Missense		Missense			Missense,Missense		Missense	Missense		Missense	Missense			Missense									Missense	Missense																Missense				Missense	Missense							Missense																								
KMT2C	1.4683501409469897	1.1740504894951704	1.4148879169984063	1.5050424600307428	Missense		Missense,Missense								Missense	Missense			Missense	Missense,Missense	Missense	Nonsense		Missense,Missense,Nonsense	Missense	Missense			Missense	Missense,Missense						Missense				Frameshift indel,Frameshift indel									Nonsense	In frame indel	Missense			Missense	Missense,Missense		Missense	Nonsense														Frameshift indel									Missense									
CARD10	1.4588871279854436	1.1090649726599127	1.432565733355211	1.5517956209499666	Missense							Missense	Missense	Missense		Missense				Missense	Missense						Missense	Missense,Missense		Missense		Missense				Missense								Missense		Missense												Missense		Missense																														
PRDM11	1.4588871279854436	1.1090649726599127	1.432565733355211	1.5517956209499666	Missense											Missense,Missense,Missense			Missense			Missense		Missense	Missense,Missense					Missense			Missense	Missense	Missense					Missense		Missense		Missense							Missense			Missense				Missense,Missense																																
WDR87	1.4588871279854436	1.1090649726599127	1.432565733355211	1.5517956209499666		In frame indel		Missense		Missense					Missense			Missense			Missense			In frame indel	Missense,Missense		Missense								Missense	Missense	Missense				Missense													Missense				Missense					Missense																											
ACRBP	1.4396617530958338	1.2598451678944587	1.4091044806943696	1.4338596784180313										Missense											Missense																		Missense,Missense																							Missense													Missense			Missense	Missense				Missense			
AGBL1	1.4396617530958338	1.2598451678944587	1.4091044806943696	1.4338596784180313																		Missense,Missense													Missense					Missense																						Missense,Nonsense													Missense					Missense,Missense		Missense				Missense				
DES	1.4396617530958338	1.2598451678944587	1.4091044806943696	1.4338596784180313												Missense																								Missense			Missense																							Missense									Missense				Missense	Missense									Missense	
MCCC1	1.4396617530958338	1.2598451678944587	1.4091044806943696	1.4338596784180313															Missense,Missense	Missense					Nonsense								Nonsense																																												Missense			Missense							Missense		Missense	
NDUFV3	1.4396617530958338	1.2598451678944587	1.4091044806943696	1.4338596784180313										Missense						Missense		Missense					Missense																																																Missense					Missense			Missense		Missense					
PRMT7	1.4396617530958338	1.2598451678944587	1.4091044806943696	1.4338596784180313											Missense,Missense																	Missense					Missense						Missense																																Missense						Missense	Missense		In frame indel						
RESF1	1.4396617530958338	1.2598451678944587	1.4091044806943696	1.4338596784180313																												Missense																								Missense		Missense				Missense													Missense					Missense			Missense						Nonsense	
RTN1	1.4396617530958338	1.2598451678944587	1.4091044806943696	1.4338596784180313								Missense																										Missense													Missense								Missense																				Missense			Missense	Missense,Missense						Missense	
SF3A2	1.4396617530958338	1.2598451678944587	1.4091044806943696	1.4338596784180313										Missense					Nonsense	Missense																																															Missense								Missense				Missense		Missense		Missense							
TBX3	1.4396617530958338	1.2598451678944587	1.4091044806943696	1.4338596784180313											Missense											Missense											Missense																							Missense															Missense				Missense		Missense									Missense
TTC14	1.4396617530958338	1.2598451678944587	1.4091044806943696	1.4338596784180313															Missense	Splice site							Missense																																									Missense											Missense	Missense	Missense		Nonsense							
CASKIN1	1.3757216730490092	1.1562291291874576	1.226359477251434	1.3281819549174516																				Missense,Missense						Missense		Missense			Missense	Missense	Missense																										Missense												Missense,Missense,Missense		Missense				Missense		Missense						Missense	
JMJD1C	1.3757216730490092	1.1562291291874576	1.226359477251434	1.3281819549174516	Missense				Missense				Missense			Missense								Missense															Missense																											Missense									Missense	Missense			Missense				Missense						Missense	
KCNH7	1.3757216730490092	1.1562291291874576	1.226359477251434	1.3281819549174516	Missense									Missense			Missense			Missense				Missense										Missense					Frameshift indel																																											Missense	Missense			Missense	Missense		Missense	
AR	1.3704242981585906	1.200334794399971	1.2880184287880918	1.3883528798818066								Missense															Missense																																																Missense						Missense						Nonsense			
ARFGAP3	1.3704242981585906	1.200334794399971	1.2880184287880918	1.3883528798818066			Missense																																																			Missense																	Missense				Missense		Missense,Missense									
BHLHE40	1.3704242981585906	1.200334794399971	1.2880184287880918	1.3883528798818066																											Missense																				Missense																								Missense						Missense				Missense					
BICC1	1.3704242981585906	1.200334794399971	1.2880184287880918	1.3883528798818066			Missense		Missense																																																																									Missense					Missense			Missense
BRIX1	1.3704242981585906	1.200334794399971	1.2880184287880918	1.3883528798818066																																						Missense																									Missense								Missense				Missense,Missense					Missense						
CD72	1.3704242981585906	1.200334794399971	1.2880184287880918	1.3883528798818066																																				Missense									Missense																														Missense	Missense		Missense								
CKAP2L	1.3704242981585906	1.200334794399971	1.2880184287880918	1.3883528798818066				Nonsense																																																																		Missense	Missense				Missense								Missense			
COL21A1	1.3704242981585906	1.200334794399971	1.2880184287880918	1.3883528798818066																					Missense																																														Missense										Missense					Splice site		Missense		
DHCR24	1.3704242981585906	1.200334794399971	1.2880184287880918	1.3883528798818066		Missense																																			Missense																																			Missense	Missense									Missense				
ERBB4	1.3704242981585906	1.200334794399971	1.2880184287880918	1.3883528798818066											Missense																																	Missense																													Missense		Missense					Nonsense						
HIPK3	1.3704242981585906	1.200334794399971	1.2880184287880918	1.3883528798818066																											Nonsense				Missense																																									Missense			Missense					Missense						
IL1RAPL2	1.3704242981585906	1.200334794399971	1.2880184287880918	1.3883528798818066																								Missense															Missense																																								Missense			Missense		Missense		
IRF8	1.3704242981585906	1.200334794399971	1.2880184287880918	1.3883528798818066		Missense																																																								Missense													Missense		Missense							Missense						
KCNIP3	1.3704242981585906	1.200334794399971	1.2880184287880918	1.3883528798818066										Missense																										Missense																																			Missense			TSS											Nonsense	
LCP1	1.3704242981585906	1.200334794399971	1.2880184287880918	1.3883528798818066										Missense,Missense																																																Missense																		Missense							Missense		Nonstop	
MAU2	1.3704242981585906	1.200334794399971	1.2880184287880918	1.3883528798818066				Missense											Missense																																																										Missense			Missense								Missense		
MTMR6	1.3704242981585906	1.200334794399971	1.2880184287880918	1.3883528798818066															Missense																												Missense																													Missense	Missense				Missense									
MTRR	1.3704242981585906	1.200334794399971	1.2880184287880918	1.3883528798818066																																Nonsense																																Missense							Missense					Missense			Missense							
NECTIN4	1.3704242981585906	1.200334794399971	1.2880184287880918	1.3883528798818066																											Missense		Missense																																										Missense					Missense		Missense								
NEIL1	1.3704242981585906	1.200334794399971	1.2880184287880918	1.3883528798818066					Missense													Missense																																																					Missense				Missense				Missense							
PARVB	1.3704242981585906	1.200334794399971	1.2880184287880918	1.3883528798818066				Missense																			Missense																																																Missense								Missense			Missense				
PTPN7	1.3704242981585906	1.200334794399971	1.2880184287880918	1.3883528798818066																		Nonsense																	Missense																																						Missense		Missense							Missense				
PTPRC	1.3704242981585906	1.200334794399971	1.2880184287880918	1.3883528798818066																					Missense																	Missense																																		Missense,Missense						In frame indel	Missense							
SETD4	1.3704242981585906	1.200334794399971	1.2880184287880918	1.3883528798818066																						Missense		Nonsense																																																				Missense		Missense								Nonsense
SLC2A12	1.3704242981585906	1.200334794399971	1.2880184287880918	1.3883528798818066							Missense											Missense																																																					Missense				Missense										Missense	
SPTLC3	1.3704242981585906	1.200334794399971	1.2880184287880918	1.3883528798818066																								Frameshift indel																					Missense																															Missense	Missense	Frameshift indel								
TROAP	1.3704242981585906	1.200334794399971	1.2880184287880918	1.3883528798818066																Missense										Missense																																													Missense,Missense					Missense	Missense									
USP32	1.3704242981585906	1.200334794399971	1.2880184287880918	1.3883528798818066																			Missense	Missense																																																			Nonsense				Nonsense											Missense
VIL1	1.3704242981585906	1.200334794399971	1.2880184287880918	1.3883528798818066						Missense																														Missense																																						Frameshift indel	Missense	Missense										
WDR18	1.3704242981585906	1.200334794399971	1.2880184287880918	1.3883528798818066	Missense																												Missense																																														Missense	Missense	Missense									
ZNF718	1.3704242981585906	1.200334794399971	1.2880184287880918	1.3883528798818066																			Missense									Frameshift indel,Missense																																											Missense,Missense				Missense		Nonsense									
ZNF766	1.3704242981585906	1.200334794399971	1.2880184287880918	1.3883528798818066																																								Nonsense												Missense																							Missense	Missense			Missense							
ADAMTSL3	1.2393865503161423	1.0069694394188151	1.3483149889831263	1.2120675267280394															Missense						Missense,Missense																								Missense		Missense,Missense												Missense												Missense						Missense,Missense					Missense	Missense			
CFTR	1.2393865503161423	1.0069694394188151	1.3483149889831263	1.2120675267280394													Missense						Nonsense		Missense																										Missense,Missense					Missense																			Missense	Missense					Missense		Missense							
CPS1	1.2393865503161423	1.0069694394188151	1.3483149889831263	1.2120675267280394					Missense	Missense		Missense																Missense,Missense			Missense																																												Missense						Missense	Missense,Missense	Missense							
ERC2	1.2393865503161423	1.0069694394188151	1.3483149889831263	1.2120675267280394											Missense							Missense																		Missense							Nonsense															Missense																		Missense			Missense,Missense				Missense,Missense	Missense		
GAD2	1.2393865503161423	1.0069694394188151	1.3483149889831263	1.2120675267280394									Missense						Missense																														Missense															Missense									Missense		Frameshift indel				Missense			Missense	Missense							
HDAC6	1.2393865503161423	1.0069694394188151	1.3483149889831263	1.2120675267280394	Missense			Missense																				Missense	Missense																																	Missense													Missense	Missense							Missense	Missense						
ITPRID2	1.2393865503161423	1.0069694394188151	1.3483149889831263	1.2120675267280394																											Missense	Missense			Missense														Missense										Missense																	Missense			Missense				Missense	Missense						
KMT2E	1.2393865503161423	1.0069694394188151	1.3483149889831263	1.2120675267280394																	Missense,Missense				Missense	Missense					Missense					Missense																																								Missense			In frame indel		Missense								Missense	
PHLDB3	1.2393865503161423	1.0069694394188151	1.3483149889831263	1.2120675267280394	Missense,Missense															Missense			Missense	Missense																																				Missense															Missense		Missense				Missense				Missense					
RGL3	1.2393865503161423	1.0069694394188151	1.3483149889831263	1.2120675267280394	Missense																Missense			Missense																											Missense			Frameshift indel																									Missense	Missense	Nonsense	Missense,Missense								
SKA3	1.2393865503161423	1.0069694394188151	1.3483149889831263	1.2120675267280394																	Missense			Nonsense								Missense																			Missense																							Missense											Missense		Missense	Missense		Missense,Missense
SLC27A4	1.2393865503161423	1.0069694394188151	1.3483149889831263	1.2120675267280394	Missense				Nonsense											Missense			Missense																																											Missense										Missense					Missense		Missense							Nonsense
TBC1D1	1.2393865503161423	1.0069694394188151	1.3483149889831263	1.2120675267280394	Missense														Missense			Missense												Nonsense												Missense																																		Missense	Missense	Missense							Missense	
USP30	1.2393865503161423	1.0069694394188151	1.3483149889831263	1.2120675267280394																				Missense					Missense	Missense		Nonsense																																				Missense							Missense		Missense	Missense	Missense											
ZBTB46	1.2393865503161423	1.0069694394188151	1.3483149889831263	1.2120675267280394															Missense,Missense,Missense	Missense				Missense,Missense,Missense	Missense																				In frame indel																															Missense					Missense			Missense,Missense				Missense		
GCN1	1.2359596777830963	1.0867643110292726	1.3805352990219273	1.4158996681779845			Missense	Missense,Nonsense			Missense								Missense,Missense,Missense		Missense,Missense		Missense	Missense	Missense,Missense	Missense	Missense	Missense	Missense,Missense	Missense		Missense	Missense	Missense,Nonsense	Missense,Missense,Nonsense					Missense				Missense													Missense			Missense					Nonsense															Missense										
DNAH8	1.2237502758055037	1.216054987871957	1.516279173413079	1.3905445712903097										Missense			Missense	Missense,Missense		Missense			Nonsense	Missense,Missense			Missense	Missense,Nonsense	Missense							Frameshift indel,Missense									Missense				Missense			Missense	Nonsense			Nonsense						Missense													Missense,Missense				Nonsense	Missense		Missense	Missense,Missense,Missense,Missense	Missense	Missense				Missense	
ADCY6	1.202968169971916	0.9424708321436454	1.1471104328305501	1.324174330450455												Missense			Missense					Missense			Missense	Missense		Missense						Missense			Missense		Missense						Missense		Missense											Missense						Missense				Missense																				
ADGRV1	1.202968169971916	0.9424708321436454	1.1471104328305501	1.324174330450455								Missense		Missense		Missense,Missense			Missense,Missense				Missense	Missense	Nonsense													Missense				Missense,Missense					Missense					Nonsense		Missense				Nonsense					Missense																											
ALK	1.202968169971916	0.9424708321436454	1.1471104328305501	1.324174330450455			Missense	Missense											Missense	Missense					Missense					Missense		Missense				Missense	Missense			Nonsense										Missense								Missense	Missense								Missense																							
AMOTL1	1.202968169971916	0.9424708321436454	1.1471104328305501	1.324174330450455											Missense	Missense			Missense				Missense,Missense	Missense				Missense		Missense			Missense			Missense		Nonsense											Missense										TSS		Missense													Missense																
ASXL3	1.202968169971916	0.9424708321436454	1.1471104328305501	1.324174330450455	Missense							Missense		Missense,Missense			Missense												Missense			Missense		Missense,Missense			Missense											Missense	Missense		Missense	Missense														Missense						Missense																		
CACNA1I	1.202968169971916	0.9424708321436454	1.1471104328305501	1.324174330450455	Missense							Missense				Missense	Missense			Missense,Missense	Missense		Missense		Missense,Missense				Missense					Missense						Missense																		Splice site											Missense		Missense																			
CCNF	1.202968169971916	0.9424708321436454	1.1471104328305501	1.324174330450455		Missense	Missense	Missense						Missense		Missense							Missense		Missense					Missense	Missense	Missense			Missense	Missense			Missense															Missense,Nonsense																																				
COPA	1.202968169971916	0.9424708321436454	1.1471104328305501	1.324174330450455					Missense															Missense	Missense,Missense		Missense	Missense						Missense,Missense	Missense				Missense	Missense		Missense						Missense											Missense							Missense	Missense																							
EHMT1	1.202968169971916	0.9424708321436454	1.1471104328305501	1.324174330450455			Missense,Missense	Missense,Missense	Missense					Missense,Nonsense					Missense,Missense	Missense,Missense,Missense,Missense		Missense,Missense			Missense,Missense	Missense	Nonsense				Missense,Missense		Missense																		Missense		Missense																																					
ITGAE	1.202968169971916	0.9424708321436454	1.1471104328305501	1.324174330450455	Missense			Missense						Missense	Missense				Missense						Missense		Missense	Missense			Missense		Missense,Missense							Missense	Missense														Missense																Missense																			
LPO	1.202968169971916	0.9424708321436454	1.1471104328305501	1.324174330450455												Missense					Missense					Missense	Missense		Missense			Missense								Missense	Missense		Missense						Missense				Missense	Missense						Missense,Missense														Missense																
MYH1	1.202968169971916	0.9424708321436454	1.1471104328305501	1.324174330450455	Missense									In frame indel,Missense		Missense		Missense,Splice site	Missense		Missense										Missense				Missense				Missense												Missense			Missense		In frame indel					Missense				Missense																									
NCOA2	1.202968169971916	0.9424708321436454	1.1471104328305501	1.324174330450455		Missense	Missense		Missense,Missense							Missense			Missense		Missense			Missense,Missense				Missense								Missense			Missense	Missense		Missense												Missense																	Missense																			
SEMA3C	1.202968169971916	0.9424708321436454	1.1471104328305501	1.324174330450455	Missense			Missense											Missense						Missense	Missense	Missense								Missense								Missense					Missense			Missense							Missense		Missense			Missense										Missense,Splice site																	
SETDB1	1.202968169971916	0.9424708321436454	1.1471104328305501	1.324174330450455			Missense												Missense		Missense				Missense,Nonsense	Missense,Missense,Missense		Nonsense	Missense		Frameshift indel	Missense				Missense																		Missense						Missense			Missense			Missense																								
STK10	1.202968169971916	0.9424708321436454	1.1471104328305501	1.324174330450455	Missense	Missense													Missense	Missense	Splice site			Nonsense	Missense,Nonsense			Missense			Missense										Missense		Missense											Missense		Missense		Nonsense																																
USP19	1.202968169971916	0.9424708321436454	1.1471104328305501	1.324174330450455	Missense,Nonsense	Missense		Missense	Missense										Missense	Missense		Missense,Missense										Missense	Missense	Missense			Missense							Missense							Missense							Missense																																
XIRP1	1.202968169971916	0.9424708321436454	1.1471104328305501	1.324174330450455	Missense,Missense			Missense	Missense										Missense		Missense				Missense			Missense					Missense					Missense		Missense,Missense,Missense	Missense			Nonsense																Missense			Missense																											
EPRS1	1.2022758014193875	1.0251381205227779	1.1109749247196334	1.438395174862394				Missense						Frameshift indel		Missense					Missense	Missense		Missense	Missense	Missense			Missense			Missense							Splice site												Missense	Missense								Missense														Missense																
ITGB4	1.2022758014193875	1.0251381205227779	1.1109749247196334	1.438395174862394		Missense		Missense											Missense,Missense	Missense		Missense			Missense	Missense		Missense	Missense				Missense					Missense	Missense					Missense																						Missense						Missense																		
SLC4A2	1.2022758014193875	1.0251381205227779	1.1109749247196334	1.438395174862394			Missense				Missense,Missense					Missense		Nonsense	Missense	Missense,Missense					Missense,Missense		Missense	Missense	Missense		Missense		Missense			Missense	Missense																													Missense																								
TRIOBP	1.2022758014193875	1.0251381205227779	1.1109749247196334	1.438395174862394	Missense	Missense									Missense				Missense,Missense	Missense,Nonsense				Missense	Missense				Missense	Missense,Missense	Missense			Missense					Missense																	Missense						Missense				Missense																								
SVEP1	1.1698850062200135	1.1404224649380434	1.4325658168649105	1.3128207289314688										Missense				Missense	Missense	Missense			Missense	Missense							Missense									Missense,Missense		Missense																														Nonsense			Missense	Nonsense				Missense,Missense	Missense		Splice site	Missense						
HERC1	1.1181768090384991	1.047299888600008	1.3090148851784327	1.3222484093385987		Missense					Missense	Missense	Missense	Nonsense	Missense,Missense				Nonsense	Missense				Nonsense	Missense,Splice site		Missense	Missense,Nonsense		Missense,Missense	Frameshift indel,Missense		Missense	Missense		Missense,Missense	Missense	Missense					Missense									Missense	Splice site			Missense				Missense						Missense	Missense					Missense			Missense											Frameshift indel,Missense				
RYR3	1.1181768090384991	1.047299888600008	1.3090148851784327	1.3222484093385987	Missense,Missense	Missense,Missense,Missense	Missense											Splice site		Missense	Missense		Missense,Missense	Missense	Missense,Missense	Missense,Missense		Missense,Missense			Missense,Missense	Missense		Missense	Missense,Missense		Missense				Missense		Missense					Missense			Frameshift indel,Missense				Nonsense							Missense,Splice site							Missense	Missense	Missense,Nonsense	Missense	Missense									Missense,Missense			Missense,Missense					
SRRM2	1.1181768090384991	1.047299888600008	1.3090148851784327	1.3222484093385987		Missense	Missense,Missense		Missense		Missense				Missense	Missense,Missense			Missense	Missense,Missense,Missense,Missense		Missense	Missense,Missense	Missense	Missense,Missense,Nonsense	Missense		Missense		Missense	Missense	Missense	Missense				Missense	Missense		Missense	Missense					Nonsense					Missense,Missense,Missense									Missense									Missense				Missense		Missense,Missense								Missense,Nonsense							
