	Fisher	Chi2	Barnard	Boschloo	14C1-NO	15C1-NO	34C1-NO	63C1-NO	63C2-NO	8C1-NO	cn1C-NO	cn10C-NO	cn11C-NO	cn13C-NO	cn15C-NO	cn16C-NO	cn17C-NO	cn18C-NO	cn2C-NO	cn21C-NO	cn23C-NO	cn26C-NO	cn27C-NO	cn3C-NO	cn30C-NO	cn31C-NO	cn32C-NO	cn33C-NO	cn34C-NO	cn35C-NO	cn36C-NO	cn37C-NO	cn39C-NO	cn4C-NO	cn40C-NO	cn41C-NO	cn43C-NO	cn44C-NO	cn45C-NO	cn47C-NO	cn48C-NO	cn5C-NO	cn50C-NO	cn51C-NO	cn52C-NO	cn53C-NO	cn54C-NO	cn56C-NO	cn57C-NO	cn61C-NO	cn62C-NO	cn64C-NO	cn65C-NO	cn66C-NO	cn67C-NO	cn69C-NO	cn7C-NO	cn70C-NO	cn71C-NO	cn72C-NO	cn73C-NO	cn74C-NO	cn75C-NO	cn76C-NO	cn78C-NO	12C1-YES	38C1-YES	49C1-YES	57C1-YES	cn38C-YES	cn42C-YES	cn49C-YES	cn55C-YES	cn60C-YES	cn63C-YES	cn68C-YES	cn79C-YES
TRAT1	3.342195304639882	4.096720582668441	2.652610693851929	3.5476675758906944																																																															Missense			Missense				Missense		Nonsense	
JAZF1	2.6855000578306885	3.0897267198120044	2.418335884494514	2.8330264304506168																																																													Frameshift indel	Missense		Nonsense		Missense,Missense		Missense					
BICC1	2.45133977406495	2.850669047889782	1.800988922545408	2.577993605519712																																																																	Missense					Missense			Missense
GPR141	2.45133977406495	2.850669047889782	1.800988922545408	2.577993605519712																																																																	Missense	Missense		Missense					
MAML1	2.45133977406495	2.850669047889782	1.800988922545408	2.577993605519712																																																														Missense				Missense						Missense	
DCLK2	2.2509947732330637	2.4145523928966037	2.2098130767384694	2.3579381031808553														Missense		Missense																																														Missense	Missense	Missense	Missense								
CALCR	2.075370334022436	2.060020435000381	2.1049617980611557	2.086461755307102						Missense	Missense,Missense,Missense	Missense			Missense																														Missense																					Missense		Missense		Missense			Missense	Missense			
CHSY1	1.925971692200602	1.9301302484944491	1.4116868467226342	1.9793766043774466									Missense,Missense														Missense								Missense																															Missense	Missense						Missense			Missense	
COPB2	1.925971692200602	1.9301302484944491	1.4116868467226342	1.9793766043774466											Missense																				Missense																			Missense												Nonsense			Missense			Missense					Missense
IGSF1	1.925971692200602	1.9301302484944491	1.4116868467226342	1.9793766043774466																											Missense			Missense																														Missense		Missense	Missense	Missense		Frameshift indel							
PRMT2	1.925971692200602	1.9301302484944491	1.4116868467226342	1.9793766043774466								Missense														Missense																																	Missense							Missense	Missense		Missense		Missense						
RTN1	1.925971692200602	1.9301302484944491	1.4116868467226342	1.9793766043774466																									Missense													Missense								Missense																Missense			Missense	Missense,Missense						Missense	
CDC16	1.8933172929033888	1.9760019204994899	1.6672739853251017	1.9883517306026395																										Missense																																				Missense		Missense				Missense					
HAO1	1.8933172929033888	1.9760019204994899	1.6672739853251017	1.9883517306026395																																																					Missense									Missense,Missense		Missense,Missense				Missense					
MXD1	1.8933172929033888	1.9760019204994899	1.6672739853251017	1.9883517306026395																							Missense,Missense																																							Missense				Missense							Missense
OR56A1	1.8933172929033888	1.9760019204994899	1.6672739853251017	1.9883517306026395																																																			Nonsense											Missense				Nonsense				Frameshift indel			
RBM46	1.8933172929033888	1.9760019204994899	1.6672739853251017	1.9883517306026395												Missense																																																		Missense	Nonsense									Missense	
SOCS6	1.8933172929033888	1.9760019204994899	1.6672739853251017	1.9883517306026395																																													Missense																	Missense					Missense					Missense	
THAP4	1.8933172929033888	1.9760019204994899	1.6672739853251017	1.9883517306026395						Missense,Missense,Missense,Splice site																																																									Missense			Missense					Missense		
TMEM120B	1.8933172929033888	1.9760019204994899	1.6672739853251017	1.9883517306026395																		Missense																																														Missense			Missense						Missense
WDR18	1.8933172929033888	1.9760019204994899	1.6672739853251017	1.9883517306026395																				Missense																																										Missense	Missense	Missense									
CELSR2	1.8667390225536276	1.4952948991755353	1.825622120299914	2.0242454053626		Missense				Missense,Nonsense	Missense		Missense		Missense	Missense	Missense		Missense					Missense,Missense			Missense				Missense	Missense	Missense								Missense	Missense	Missense	Missense				Nonsense			Missense					Missense	Missense,Missense		Missense																		
KCNH7	1.85312574547279	1.7571176842276166	1.9764680149045786	1.8866690619360282	Missense			Missense			Missense				Missense										Missense					Frameshift indel																																							Missense	Missense			Missense	Missense		Missense	
ACRBP	1.6682287759919745	1.56566199025966	1.3469793328599093	1.6957036534694057	Missense											Missense																		Missense,Missense																							Missense									Missense			Missense	Missense				Missense			
ALPK2	1.6682287759919745	1.56566199025966	1.3469793328599093	1.6957036534694057	Missense								Missense						Missense																												Missense																			Missense		Missense		Missense			Missense				
MAP2K7	1.6682287759919745	1.56566199025966	1.3469793328599093	1.6957036534694057			Missense														Missense,Missense				Missense																	Missense,Missense																								Missense	Missense	Missense			Frameshift indel						
NPEPL1	1.6682287759919745	1.56566199025966	1.3469793328599093	1.6957036534694057			Missense														Missense								Missense		Missense																																					Missense,Missense		Missense	Missense					Missense	
RGL3	1.6682287759919745	1.56566199025966	1.3469793328599093	1.6957036534694057								Missense			Missense																											Missense			Frameshift indel																					Missense	Missense	Nonsense	Missense,Missense								
TBC1D1	1.6682287759919745	1.56566199025966	1.3469793328599093	1.6957036534694057						Missense			Missense												Nonsense												Missense																														Missense	Missense	Missense							Missense	
TTC14	1.6682287759919745	1.56566199025966	1.3469793328599093	1.6957036534694057						Missense	Splice site							Missense																																									Missense							Missense	Missense	Missense		Nonsense							
ZNF79	1.6682287759919745	1.56566199025966	1.3469793328599093	1.6957036534694057								Missense										Missense																											Missense					Missense												Missense		Missense		Missense						Missense	
ADCYAP1	1.6000814253458742	1.6296417995475307	1.4163659483584699	1.6328628075947318																																																														Missense	Missense										
ADIRF	1.6000814253458742	1.6296417995475307	1.4163659483584699	1.6328628075947318																																																																Nonsense					Missense				
BSND	1.6000814253458742	1.6296417995475307	1.4163659483584699	1.6328628075947318																																																														Missense					Missense						
BX276092.9	1.6000814253458742	1.6296417995475307	1.4163659483584699	1.6328628075947318																																																																		Missense			Missense				
CASTOR1	1.6000814253458742	1.6296417995475307	1.4163659483584699	1.6328628075947318																																																																	Missense			Missense					
CCNG1	1.6000814253458742	1.6296417995475307	1.4163659483584699	1.6328628075947318																																																																	Missense			Missense					
CD81	1.6000814253458742	1.6296417995475307	1.4163659483584699	1.6328628075947318																																																																Missense				Missense					
CLEC4F	1.6000814253458742	1.6296417995475307	1.4163659483584699	1.6328628075947318																																																														Missense							Missense				
CRKL	1.6000814253458742	1.6296417995475307	1.4163659483584699	1.6328628075947318																																																																	Missense	Missense							
CRYGS	1.6000814253458742	1.6296417995475307	1.4163659483584699	1.6328628075947318																																																															Missense					Missense					
DKK2	1.6000814253458742	1.6296417995475307	1.4163659483584699	1.6328628075947318																																																																Missense			Missense						
EVI2B	1.6000814253458742	1.6296417995475307	1.4163659483584699	1.6328628075947318																																																																					Missense		Missense		
FLYWCH2	1.6000814253458742	1.6296417995475307	1.4163659483584699	1.6328628075947318																																																															Missense					Missense					
GMCL2	1.6000814253458742	1.6296417995475307	1.4163659483584699	1.6328628075947318																																																																						Missense		Missense	
GREM2	1.6000814253458742	1.6296417995475307	1.4163659483584699	1.6328628075947318																																																															Missense				Missense						
HACE1	1.6000814253458742	1.6296417995475307	1.4163659483584699	1.6328628075947318																																																														Missense										Missense	
IL1R1	1.6000814253458742	1.6296417995475307	1.4163659483584699	1.6328628075947318																																																														Nonsense						Missense					
KCNS2	1.6000814253458742	1.6296417995475307	1.4163659483584699	1.6328628075947318																																																																						Missense		Missense	
KLRB1	1.6000814253458742	1.6296417995475307	1.4163659483584699	1.6328628075947318																																																																Missense									Missense
KRBA2	1.6000814253458742	1.6296417995475307	1.4163659483584699	1.6328628075947318																																																														Missense	Missense										
LIN7A	1.6000814253458742	1.6296417995475307	1.4163659483584699	1.6328628075947318																																																																Missense			Missense						
MAD2L2	1.6000814253458742	1.6296417995475307	1.4163659483584699	1.6328628075947318																																																														Missense				Missense							
MCAT	1.6000814253458742	1.6296417995475307	1.4163659483584699	1.6328628075947318																																																														Missense					Missense						
MKX	1.6000814253458742	1.6296417995475307	1.4163659483584699	1.6328628075947318																																																																	Frameshift indel						Missense		
MRPL46	1.6000814253458742	1.6296417995475307	1.4163659483584699	1.6328628075947318																																																															Missense									Missense	
NME1	1.6000814253458742	1.6296417995475307	1.4163659483584699	1.6328628075947318																																																														Missense			Splice site								
OR13C8	1.6000814253458742	1.6296417995475307	1.4163659483584699	1.6328628075947318																																																																	Missense	Missense							
OR2AK2	1.6000814253458742	1.6296417995475307	1.4163659483584699	1.6328628075947318																																																															Missense						Missense				
PITHD1	1.6000814253458742	1.6296417995475307	1.4163659483584699	1.6328628075947318																																																														Missense			Nonsense								
PLA1A	1.6000814253458742	1.6296417995475307	1.4163659483584699	1.6328628075947318																																																																		Missense			Missense				
POF1B	1.6000814253458742	1.6296417995475307	1.4163659483584699	1.6328628075947318																																																																	Missense			Missense					
PPP1R15B	1.6000814253458742	1.6296417995475307	1.4163659483584699	1.6328628075947318																																																																					Nonsense				Missense
PRKRIP1	1.6000814253458742	1.6296417995475307	1.4163659483584699	1.6328628075947318																																																																		Nonsense						Missense	
PTH	1.6000814253458742	1.6296417995475307	1.4163659483584699	1.6328628075947318																																																														Missense			Missense								
S1PR4	1.6000814253458742	1.6296417995475307	1.4163659483584699	1.6328628075947318																																																															Missense					Missense					
SASS6	1.6000814253458742	1.6296417995475307	1.4163659483584699	1.6328628075947318																																																																		Missense		Missense					
SHISA2	1.6000814253458742	1.6296417995475307	1.4163659483584699	1.6328628075947318																																																															Missense		Frameshift indel								
SLC45A2	1.6000814253458742	1.6296417995475307	1.4163659483584699	1.6328628075947318																																																																	Missense	Missense							
SMAD5	1.6000814253458742	1.6296417995475307	1.4163659483584699	1.6328628075947318																																																															Nonsense								Missense		
SPATA48	1.6000814253458742	1.6296417995475307	1.4163659483584699	1.6328628075947318																																																																	Missense				Missense				
STARD5	1.6000814253458742	1.6296417995475307	1.4163659483584699	1.6328628075947318																																																																	Splice site				Missense				
TUSC3	1.6000814253458742	1.6296417995475307	1.4163659483584699	1.6328628075947318																																																															Nonsense							Missense			
VSX2	1.6000814253458742	1.6296417995475307	1.4163659483584699	1.6328628075947318																																																														Missense			Nonsense								
ZFP30	1.6000814253458742	1.6296417995475307	1.4163659483584699	1.6328628075947318																																																														Missense	Missense										
ZNF354C	1.6000814253458742	1.6296417995475307	1.4163659483584699	1.6328628075947318																																																															Frameshift indel			Missense							
ZNF711	1.6000814253458742	1.6296417995475307	1.4163659483584699	1.6328628075947318																																																																	Missense	Frameshift indel,Missense							
ZNF837	1.6000814253458742	1.6296417995475307	1.4163659483584699	1.6328628075947318																																																															Missense			Missense							
TG	1.539933735003544	1.3151803498095243	1.6025529201759143	1.8063942427056665	Missense	Missense	Missense			Missense,Nonsense	Missense				Missense,Missense	Missense,Missense,Splice site			Missense		Missense	Missense	Missense		Missense		Nonsense					Missense	Missense				Missense						Missense						Missense,Missense							Missense		Missense																			
ARIH1	1.5396033374611957	1.4448280106284588	1.561153456072556	1.5958169606853179										Missense		Missense																																																				Missense						Missense		Nonsense	
BAIAP3	1.5396033374611957	1.4448280106284588	1.561153456072556	1.5958169606853179																															Splice site				Missense																													Frameshift indel			Missense		Missense				
CD72	1.5396033374611957	1.4448280106284588	1.561153456072556	1.5958169606853179																											Missense									Missense																										Missense	Missense		Missense								
CFAP69	1.5396033374611957	1.4448280106284588	1.561153456072556	1.5958169606853179														Missense																																									Missense								Missense,Splice site			Missense	Missense						
COL21A1	1.5396033374611957	1.4448280106284588	1.561153456072556	1.5958169606853179												Missense																																														Missense						Missense					Splice site		Missense		
CPS1	1.5396033374611957	1.4448280106284588	1.561153456072556	1.5958169606853179															Missense,Missense			Missense																																														Missense	Missense,Missense	Missense							
CSRNP2	1.5396033374611957	1.4448280106284588	1.561153456072556	1.5958169606853179						Missense																																								Missense																		Missense					Missense		Splice site		
CSTF2	1.5396033374611957	1.4448280106284588	1.561153456072556	1.5958169606853179																																						Missense															Missense										Missense		Missense	Missense							
EMSY	1.5396033374611957	1.4448280106284588	1.561153456072556	1.5958169606853179											Missense														In frame indel,In frame indel																																										Missense			Missense		Missense	
GUCY1A2	1.5396033374611957	1.4448280106284588	1.561153456072556	1.5958169606853179																	Missense	Missense																																												Missense				Missense				Frameshift indel,Missense			
IL1RAPL2	1.5396033374611957	1.4448280106284588	1.561153456072556	1.5958169606853179															Missense															Missense																																				Missense			Missense		Missense		
ISX	1.5396033374611957	1.4448280106284588	1.561153456072556	1.5958169606853179	Missense									Missense																																																					Missense		Missense	Nonsense							
KCND3	1.5396033374611957	1.4448280106284588	1.561153456072556	1.5958169606853179			Missense																	Splice site																																											Missense	Missense						Missense			
LCP1	1.5396033374611957	1.4448280106284588	1.561153456072556	1.5958169606853179	Missense,Missense																																																Missense														Missense							Missense		Nonstop	
MAP4K2	1.5396033374611957	1.4448280106284588	1.561153456072556	1.5958169606853179																Missense													Missense																																	Missense			Splice site			Missense					
PEX16	1.5396033374611957	1.4448280106284588	1.561153456072556	1.5958169606853179													Missense																																								Missense									Nonsense				Missense	Missense						
SETD4	1.5396033374611957	1.4448280106284588	1.561153456072556	1.5958169606853179													Missense		Nonsense																																																Missense		Missense								Nonsense
SPTLC3	1.5396033374611957	1.4448280106284588	1.561153456072556	1.5958169606853179															Frameshift indel																					Missense																											Missense	Missense	Frameshift indel								
TRPC4	1.5396033374611957	1.4448280106284588	1.561153456072556	1.5958169606853179								Missense								Missense																																															Missense	Missense	Missense								
ZNF766	1.5396033374611957	1.4448280106284588	1.561153456072556	1.5958169606853179																															Nonsense												Missense																			Missense	Missense			Missense							
ZSWIM5	1.5396033374611957	1.4448280106284588	1.561153456072556	1.5958169606853179																					Missense																	Nonsense																									Missense	Missense		Missense							
DIDO1	1.5118878341253466	1.1450139713013967	1.5090150705069336	1.5689771640111543			Missense				Missense,Missense					Missense,Missense			Missense,Missense				Missense	Missense,Missense		Missense	Missense	Missense		Missense		Missense							Missense	Missense		Missense				Missense									Missense		Missense					Missense															
MYO18B	1.5118878341253466	1.1450139713013967	1.5090150705069336	1.5689771640111543							Missense	Missense	Missense		Missense,Missense	Missense												Missense,Missense	Missense		Missense				Missense						Missense	Missense	Missense	Missense		Nonsense			Missense								Missense,Missense	Missense							Missense												
PTPRS	1.5118878341253466	1.1450139713013967	1.5090150705069336	1.5689771640111543	Missense,Missense	Missense	Missense,Missense,Missense			Missense	Missense	Missense,Missense	Missense					Missense	Missense		Missense	Nonsense	Missense	Missense							Missense		Missense									Missense							Missense								Missense																				
STAB2	1.5118878341253466	1.1450139713013967	1.5090150705069336	1.5689771640111543		Missense				Missense					Missense	Nonsense,Nonsense,Nonsense	Missense	Missense	Missense		Missense		Missense	Missense					Missense								Missense	Missense						Missense,Missense	Nonsense,Nonsense													Missense,Missense		Missense			Missense														
COL4A2	1.4914352824970027	1.2914463106983312	1.7343321346000746	1.4435195064746107						Missense,Missense				Missense		Missense	Missense					Missense														Missense						Missense															Missense									Missense	Missense	Missense		Missense					Missense		
GIGYF2	1.4914352824970027	1.2914463106983312	1.7343321346000746	1.4435195064746107							Missense,Missense								Missense				Nonsense				Missense,Missense	Missense						Missense	Missense																									Missense							Missense	Nonsense	Missense	Missense		Missense					
ABCB1	1.4565714041632614	1.281669819878694	1.2889771682057933	1.473405098636357		Nonsense	Missense							Missense,Missense					Missense																													Missense																		Missense	Missense				Missense		Missense				
CTNNA2	1.4565714041632614	1.281669819878694	1.2889771682057933	1.473405098636357		Missense	Missense,Missense							Missense																									Splice site												Missense																Missense,Missense						Nonsense		Missense,Missense	Missense	
ERC2	1.4565714041632614	1.281669819878694	1.2889771682057933	1.473405098636357		Missense							Missense																		Missense							Nonsense															Missense														Missense			Missense,Missense				Missense,Missense	Missense		
LPCAT4	1.4565714041632614	1.281669819878694	1.2889771682057933	1.473405098636357	Missense								Missense							Missense		Missense,Missense	Missense																																											Missense,Nonsense			Missense	Missense			Nonsense				
NFE2L2	1.4565714041632614	1.281669819878694	1.2889771682057933	1.473405098636357												Missense																		Missense													Missense													Missense		Missense					Missense		Missense				In frame indel		Missense		
SKA3	1.4565714041632614	1.281669819878694	1.2889771682057933	1.473405098636357								Missense			Nonsense								Missense																			Missense																							Missense							Missense		Missense	Missense		Missense,Missense
DNAH8	1.3772902655331352	1.1902298616998617	1.5295065238808456	1.3904567687426532	Missense			Missense	Missense,Missense		Missense			Nonsense	Missense,Missense			Missense	Missense,Nonsense	Missense							Frameshift indel,Missense									Missense				Missense			Missense	Nonsense			Nonsense						Missense													Nonsense	Missense		Missense	Missense,Missense,Missense,Missense	Missense	Missense				Missense	
DNAH7	1.3418013125405797	1.1089889555705372	1.5054778040205252	1.2622116576964673	Missense			Missense					Missense,Missense			Frameshift indel					Missense,Missense			Missense,Nonsense											Nonsense																	Missense,Missense					Missense,Missense									Missense,Nonsense			Missense	Nonsense	Missense					Missense	
GYS1	1.3418013125405797	1.1089889555705372	1.5054778040205252	1.2622116576964673			Missense				Missense		Missense	Missense					Missense		Missense		Missense					Missense																					Missense																	Missense	Missense,Missense,Missense	Missense	Missense		Missense						
BRSK1	1.2829723506148067	1.0873287856024576	1.4548929595482152	1.297389147154607						Missense									Missense					Missense,Missense																																										Missense		Missense	Missense								
CD69	1.2829723506148067	1.0873287856024576	1.4548929595482152	1.297389147154607			Missense				Missense																															Missense																										Missense		Nonsense						Missense	
CDH13	1.2829723506148067	1.0873287856024576	1.4548929595482152	1.297389147154607			Missense															Missense	Missense																																													Missense				Missense	Splice site				
CYTH3	1.2829723506148067	1.0873287856024576	1.4548929595482152	1.297389147154607								Missense											Missense																										Splice site																		Missense	Missense			Missense						
ENOX2	1.2829723506148067	1.0873287856024576	1.4548929595482152	1.297389147154607													Missense																												Missense												Missense									Missense	Missense				Missense,Missense						
ERBIN	1.2829723506148067	1.0873287856024576	1.4548929595482152	1.297389147154607				Missense																							Missense										Missense																									Nonsense						Missense	Missense				
FNBP1	1.2829723506148067	1.0873287856024576	1.4548929595482152	1.297389147154607									Missense										Missense,Missense																											Missense																	Missense	Missense									Missense
FOXP3	1.2829723506148067	1.0873287856024576	1.4548929595482152	1.297389147154607							Missense									Missense																										Missense																							Missense		Missense			Missense			
FRS3	1.2829723506148067	1.0873287856024576	1.4548929595482152	1.297389147154607						Missense	Missense,Missense,Missense					Missense																																																			Missense	Missense		Missense							
KIF4A	1.2829723506148067	1.0873287856024576	1.4548929595482152	1.297389147154607	Missense											Missense,Missense																	Missense																																	Missense								Missense	Missense		
LPP	1.2829723506148067	1.0873287856024576	1.4548929595482152	1.297389147154607												Nonsense																														Missense					Missense																			Frameshift indel			Missense		Nonsense		
LRRC8C	1.2829723506148067	1.0873287856024576	1.4548929595482152	1.297389147154607																	Missense					Missense					Frameshift indel,Frameshift indel																																			Missense	Missense			Missense							
NECAB2	1.2829723506148067	1.0873287856024576	1.4548929595482152	1.297389147154607																	Missense																	Missense									Missense																			Missense		Missense			Missense						
PHTF2	1.2829723506148067	1.0873287856024576	1.4548929595482152	1.297389147154607															Missense,Missense														Nonsense	Missense																																Missense				Missense					Missense		
PXK	1.2829723506148067	1.0873287856024576	1.4548929595482152	1.297389147154607								Missense																												Missense																						Missense				Missense	Missense				Missense						
RHOT1	1.2829723506148067	1.0873287856024576	1.4548929595482152	1.297389147154607								Missense					Missense																							Missense																										Missense		Missense		Missense							
RNF111	1.2829723506148067	1.0873287856024576	1.4548929595482152	1.297389147154607									Missense																													Missense															Missense												Missense			Missense,Nonsense		Missense,Missense			
RORA	1.2829723506148067	1.0873287856024576	1.4548929595482152	1.297389147154607										Missense,Nonsense	Missense																																															Missense				Missense		Missense		Nonsense							
SLC27A4	1.2829723506148067	1.0873287856024576	1.4548929595482152	1.297389147154607							Missense			Missense																																											Missense											Missense		Missense							Nonsense
TRPM7	1.2829723506148067	1.0873287856024576	1.4548929595482152	1.297389147154607						Missense		Missense	Splice site																																																					Missense				Missense,Missense	Missense						
VASP	1.2829723506148067	1.0873287856024576	1.4548929595482152	1.297389147154607						Missense,Missense			Missense																																		Missense																			Missense		Missense			Frameshift indel						
IQGAP3	1.245720939838574	1.0631722921954518	1.411213096967508	1.4649571804437285	Missense,Missense	Missense	Missense			Missense,Missense						Missense,Missense	Missense	Missense	Missense		Missense,Missense						Missense					Missense			Missense				Missense						Missense				Nonsense		Missense														Frameshift indel,Missense												
MYO18A	1.245720939838574	1.0631722921954518	1.411213096967508	1.4649571804437285	Missense	Missense	Missense			Missense,Missense	Missense,Missense,Missense			Missense,Missense		Missense,Nonsense		Missense		Missense	Missense						Missense	Nonsense						Missense								Missense,Missense	Missense			Nonsense								Missense																							
SPTAN1	1.245720939838574	1.0631722921954518	1.411213096967508	1.4649571804437285	Missense	Missense	Missense,Missense				Missense,Missense,Missense		Missense,Missense,Missense					Missense		Missense		Missense,Missense			Missense,Missense	Missense,Missense							Missense					Missense						Missense			Missense						Missense	Missense											Missense												
DYSF	1.2427860050985409	0.9832379176779475	1.3271134580960844	1.3209618057732686	Missense		Missense,Missense				Missense,Missense		Missense		Missense	Missense,Missense		Missense		Missense,Missense	Missense,Missense		Missense	Missense			Missense								Missense		Missense					Missense,Nonsense										Missense																									
EDC4	1.2427860050985409	0.9832379176779475	1.3271134580960844	1.3209618057732686	Missense					Missense				Missense	Missense	Missense,Missense					Missense		Missense,Missense	Missense			Missense		Missense	Missense					Missense							Nonsense														Missense,Missense	Missense				Missense																
EPPK1	1.2427860050985409	0.9832379176779475	1.3271134580960844	1.3209618057732686			Missense			Missense,Missense,Missense	Missense				Missense,Missense	Missense,Missense,Missense	Missense,Missense	Missense,Missense	Missense,Missense,Missense	Missense	Missense		Missense,Missense	Missense			Missense	Missense														Missense															Missense																				
LRRK1	1.2427860050985409	0.9832379176779475	1.3271134580960844	1.3209618057732686			Missense,Missense			Missense	Missense		Missense	Missense		Missense	Missense	Missense,Missense				Missense,Missense					Missense	Missense		Missense			Missense	Missense										Missense		Missense																															
RP1L1	1.2427860050985409	0.9832379176779475	1.3271134580960844	1.3209618057732686						Missense	Missense	Missense	Missense			Missense	Missense					Missense		Missense		Missense		In frame indel														Missense							Missense	Missense	Missense						Missense			Missense																	
EP300	0.9570508437605393	0.9513447996442894	1.3127291081608041	1.1408108228452618			Missense				Missense								Missense	Missense,Missense										Missense	Missense	Missense			Frameshift indel,Missense					Missense																	Missense									In frame indel,In frame indel,Missense		Missense	Missense			Missense		Missense			
