	Fisher	Chi2	Barnard	Boschloo	14P1-NO	15P1-NO	34P1-NO	48P1-NO	53P1-NO	58P1-NO	63P1-NO	8P1-NO	cn1P-NO	cn10P-NO	cn11P-NO	cn13P-NO	cn15P-NO	cn16P-NO	cn17P-NO	cn18P-NO	cn2P-NO	cn21P-NO	cn23P-NO	cn26P-NO	cn27P-NO	cn3P-NO	cn30P-NO	cn31P-NO	cn32P-NO	cn33P-NO	cn34P-NO	cn35P-NO	cn36P-NO	cn37P-NO	cn39P-NO	cn4P-NO	cn40P-NO	cn41P-NO	cn43P-NO	cn44P-NO	cn45P-NO	cn47P-NO	cn48P-NO	cn5P-NO	cn50P-NO	cn51P-NO	cn52P-NO	cn53P-NO	cn54P-NO	cn56P-NO	cn57P-NO	cn61P-NO	cn62P-NO	cn64P-NO	cn65P-NO	cn66P-NO	cn67P-NO	cn69P-NO	cn7P-NO	cn70P-NO	cn71P-NO	cn72P-NO	cn73P-NO	cn74P-NO	cn75P-NO	cn76P-NO	cn78P-NO	12P1-YES	33P1-YES	38P1-YES	49P1-YES	57P1-YES	64P1-YES	cn38P-YES	cn42P-YES	cn49P-YES	cn55P-YES	cn60P-YES	cn63P-YES	cn68P-YES	cn79P-YES
ZNF711	3.1309519813850253	3.6520336566957834	2.6935721869438933	3.311801289225044																																																																Missense			Missense	Frameshift indel			Missense						
VMP1	2.3031129468122726	2.5466122474740334	1.824930278552336	2.4118724938503724																																																																Missense						Missense			Missense				
RERE	2.203457426756458	2.1630075720249633	2.0788393140617334	2.2448355093372774				In frame indel,Nonsense													Missense												Missense									Missense																	Missense			Missense								Missense		Missense,Missense		Missense	Missense		Missense			Missense	
HERC1	2.129985567890173	1.757936287726673	2.113854380050742	2.395091910332243	Missense	Missense	Missense	Missense				Missense,Missense	Frameshift indel,Missense,Missense		Missense,Nonsense		Missense	Missense,Missense		Missense			Missense				Missense,Missense		Missense					Frameshift indel,Missense		Missense,Nonsense	Splice site			Missense				Nonsense									Missense				Missense			Missense		Missense,Missense			Missense																
SPTBN1	2.129985567890173	1.757936287726673	2.113854380050742	2.395091910332243	Frameshift indel	Missense	Missense		Missense				Missense,Missense			In frame indel,Missense,Missense	Missense	Missense	Missense,Missense					Missense	Missense			Missense,Missense		Nonsense	Nonsense		Missense	Missense	Splice site	Missense	Missense							Missense							Missense	Missense	Missense																												
ADGRV1	2.1232795176453307	1.6562025899080959	1.9261893567863417	2.2510240802143424			Frameshift indel,Missense	Missense	Missense			Missense	Frameshift indel			Missense	Missense	Frameshift indel,Missense			Missense		Missense				Nonsense		Frameshift indel		Missense,Missense		Missense							Missense,Missense		Missense		In frame indel			Missense	Missense			Missense					Missense			Missense																						
NCOR2	2.0750184071043836	1.5573955808762712	1.9715696873109652	2.1095228715835246		Frameshift indel,Missense		Missense					Frameshift indel,Missense,Missense,Nonsense	Missense	Missense		Nonsense	Missense						Missense		Missense,Missense,Missense		Missense	Missense	In frame indel,Missense		Missense									Frameshift indel,Frameshift indel				Missense		Missense	Missense	Missense				Missense						Frameshift indel,Frameshift indel			Missense																			
SMARCA4	2.0750184071043836	1.5573955808762712	1.9715696873109652	2.1095228715835246	Missense			Frameshift indel				Missense			Missense	Missense	Missense	Missense		Missense,Missense	Missense,Missense		Missense,Missense	Missense							Frameshift indel,Missense					Missense			Missense,Missense	Missense		Nonsense		Missense								Missense	Missense,Missense							Missense					Missense																
MELTF	2.0560053580425697	2.101355075666933	1.50173610399273	2.129636753507055																Frameshift indel				Missense,Missense																																												Missense		Missense	Missense					Frameshift indel					
SLC12A2	2.0560053580425697	2.101355075666933	1.50173610399273	2.129636753507055		Missense																		Frameshift indel																																																Missense		Missense		Missense		Missense			
ZNF568	2.0560053580425697	2.101355075666933	1.50173610399273	2.129636753507055				Missense							Missense																																																					Frameshift indel,Frameshift indel		Missense						Nonsense		Nonsense			
DMD	1.8087520281531517	1.4613130426723184	1.7961919884219995	2.0385607522537788		Missense	Frameshift indel,Missense		Missense				Missense				Missense			Missense		Missense	Missense,Missense						Missense		Missense			Missense	Missense		Missense		Frameshift indel,Missense,Missense			Missense	Missense	Missense										Missense		Missense,Missense						Missense																			
IFT172	1.7885961034390583	1.3677599435061099	1.56901849847534	1.9055940116279042	Missense,Missense		Nonsense	Splice site	Missense			Missense	Missense	Missense,Missense		Missense,Missense	Missense,Missense,Nonsense		Missense				Missense		Missense,Missense			Missense	Missense										Missense,Missense,Nonsense		Missense						Missense	Missense			Missense																														
MYOF	1.7885961034390583	1.3677599435061099	1.56901849847534	1.9055940116279042	Missense			Missense					Missense	Missense,Missense			Missense,Missense				Missense	Missense	Missense			Missense	Missense	Missense	Missense		Missense				Missense	Missense				Missense							Missense	Missense										Missense																							
SPTB	1.7885961034390583	1.3677599435061099	1.56901849847534	1.9055940116279042	Missense	Missense		Missense				Missense	Missense	Missense			Missense,Missense,Missense,Missense		Missense,Missense	Missense	Missense		Missense,Missense		Missense,Missense	Missense		Missense													Nonsense	Missense		In frame indel,Missense							Missense								Missense																						
ZC3H13	1.7885961034390583	1.3677599435061099	1.56901849847534	1.9055940116279042			Missense		Missense					Frameshift indel,In frame indel,Missense	Missense,Missense	Missense	Missense,Nonsense	Nonsense	Missense		Missense	Missense		Missense	Nonsense	Missense				Missense						Missense,Missense			Missense	Missense				Missense															Missense																						
KMT2D	1.7710614232542237	1.590539993418644	1.9187085133102764	1.8665833000928225		Missense,Nonsense	Missense	Missense	Missense,Nonsense			Missense,Missense	Frameshift indel,Missense	Missense	Missense	Missense			Missense	Missense		Frameshift indel	Missense,Missense	In frame indel,Missense,Missense	In frame indel,Missense	Missense			Splice site		Nonsense		Frameshift indel,Nonsense	In frame indel,Missense	Missense	Nonsense	Frameshift indel,Splice site					Missense,Nonsense	Nonsense		Nonsense	Frameshift indel	In frame indel	Frameshift indel,Frameshift indel,Missense		Nonsense			Missense,Nonsense		Frameshift indel,Nonsense					Nonsense	Missense	Frameshift indel			Frameshift indel,Missense		Splice site	Missense		Missense				Missense							
INTS6L	1.752388918053492	1.7384005088646557	1.691522922324325	1.8136852227693132																																In frame indel																																			Nonsense			Missense		Frameshift indel,Frameshift indel					
KLHL21	1.752388918053492	1.7384005088646557	1.691522922324325	1.8136852227693132																																																	Missense															Missense		Missense	Missense										
LIMA1	1.752388918053492	1.7384005088646557	1.691522922324325	1.8136852227693132																											Missense																																					Frameshift indel,Frameshift indel			In frame indel								Missense		
OR51G2	1.752388918053492	1.7384005088646557	1.691522922324325	1.8136852227693132												Missense																																																				Missense		Missense								Missense			
OR6K3	1.752388918053492	1.7384005088646557	1.691522922324325	1.8136852227693132								Missense																																																								In frame indel,In frame indel					Missense				Missense				
PENK	1.752388918053492	1.7384005088646557	1.691522922324325	1.8136852227693132										Missense																																																						Nonsense						Nonsense				Missense			
RNFT1	1.752388918053492	1.7384005088646557	1.691522922324325	1.8136852227693132																									Missense																																									Missense	Missense		Nonsense								
WSB1	1.752388918053492	1.7384005088646557	1.691522922324325	1.8136852227693132																																											Missense																					Missense		Missense											Missense
ZNF175	1.752388918053492	1.7384005088646557	1.691522922324325	1.8136852227693132																					Missense																																											Missense				Frameshift indel,Nonsense						Missense			
ERBIN	1.7390788034297329	1.656202589908096	1.4264006358785764	1.7710029201510942							Missense				Missense						Missense																																															Nonsense						Missense		Missense	Missense				
L1CAM	1.7390788034297329	1.656202589908096	1.4264006358785764	1.7710029201510942													Missense,Missense												Missense																						In frame indel																	Missense		Missense				Missense				Frameshift indel,Missense			
PHF19	1.7390788034297329	1.656202589908096	1.4264006358785764	1.7710029201510942			Frameshift indel,Missense,Missense					Missense													Missense																																													Missense				Missense				Frameshift indel,Missense	Missense		
ACADM	1.5072329294681968	1.4586895217606364	1.4399981724561173	1.5217094839568326																																																																		Missense			Splice site								
AUP1	1.5072329294681968	1.4586895217606364	1.4399981724561173	1.5217094839568326																																																																			Missense					Missense					
BAG1	1.5072329294681968	1.4586895217606364	1.4399981724561173	1.5217094839568326																																																																Missense			Missense										
CASTOR1	1.5072329294681968	1.4586895217606364	1.4399981724561173	1.5217094839568326																																																																				Missense				Missense					
CD81	1.5072329294681968	1.4586895217606364	1.4399981724561173	1.5217094839568326																																																																			Missense	Missense									
CDR1	1.5072329294681968	1.4586895217606364	1.4399981724561173	1.5217094839568326																																																																				Missense		In frame indel							
CHCHD6	1.5072329294681968	1.4586895217606364	1.4399981724561173	1.5217094839568326																																																																			Splice site								Missense		
CLNS1A	1.5072329294681968	1.4586895217606364	1.4399981724561173	1.5217094839568326																																																																			Splice site								Frameshift indel		
CYP24A1	1.5072329294681968	1.4586895217606364	1.4399981724561173	1.5217094839568326																																																																		Missense			Missense								
EFNB1	1.5072329294681968	1.4586895217606364	1.4399981724561173	1.5217094839568326																																																																								Missense			Frameshift indel		
GAS1	1.5072329294681968	1.4586895217606364	1.4399981724561173	1.5217094839568326																																																																		Frameshift indel	Frameshift indel										
GIMD1	1.5072329294681968	1.4586895217606364	1.4399981724561173	1.5217094839568326																																																																Missense			Missense										
HERPUD2	1.5072329294681968	1.4586895217606364	1.4399981724561173	1.5217094839568326																																																																					Missense		Missense						
KCNC3	1.5072329294681968	1.4586895217606364	1.4399981724561173	1.5217094839568326																																																																Missense		Missense											
KCNJ18	1.5072329294681968	1.4586895217606364	1.4399981724561173	1.5217094839568326																																																																Missense		Missense,Missense											
MALSU1	1.5072329294681968	1.4586895217606364	1.4399981724561173	1.5217094839568326																																																																			In frame indel								In frame indel		
MICU3	1.5072329294681968	1.4586895217606364	1.4399981724561173	1.5217094839568326																																																																Missense				Missense									
MT-ND5	1.5072329294681968	1.4586895217606364	1.4399981724561173	1.5217094839568326																																																																									Missense,Missense		Missense		
NKX2-2	1.5072329294681968	1.4586895217606364	1.4399981724561173	1.5217094839568326																																																																			Missense			In frame indel,Missense							
OR11H12	1.5072329294681968	1.4586895217606364	1.4399981724561173	1.5217094839568326																																																																			Missense,Missense						Missense				
OR1S2	1.5072329294681968	1.4586895217606364	1.4399981724561173	1.5217094839568326																																																																		Missense		Missense									
OR4D6	1.5072329294681968	1.4586895217606364	1.4399981724561173	1.5217094839568326																																																																										Missense		Missense	
OR52E2	1.5072329294681968	1.4586895217606364	1.4399981724561173	1.5217094839568326																																																																					Missense				Missense				
OR8B12	1.5072329294681968	1.4586895217606364	1.4399981724561173	1.5217094839568326																																																																Missense		Missense											
OXCT1	1.5072329294681968	1.4586895217606364	1.4399981724561173	1.5217094839568326																																																																Missense			Missense										
PI15	1.5072329294681968	1.4586895217606364	1.4399981724561173	1.5217094839568326																																																																										Frameshift indel			Missense
POP4	1.5072329294681968	1.4586895217606364	1.4399981724561173	1.5217094839568326																																																																Missense			Splice site										
RPL17-C18orf32	1.5072329294681968	1.4586895217606364	1.4399981724561173	1.5217094839568326																																																																			Splice site			Missense							
RUFY1	1.5072329294681968	1.4586895217606364	1.4399981724561173	1.5217094839568326																																																																Frameshift indel,Frameshift indel		Missense											
SMC2	1.5072329294681968	1.4586895217606364	1.4399981724561173	1.5217094839568326																																																																Frameshift indel			Missense										
SPACA3	1.5072329294681968	1.4586895217606364	1.4399981724561173	1.5217094839568326																																																																						Missense					Frameshift indel,Missense		
SULT1C2	1.5072329294681968	1.4586895217606364	1.4399981724561173	1.5217094839568326																																																																In frame indel						Nonsense							
TASL	1.5072329294681968	1.4586895217606364	1.4399981724561173	1.5217094839568326																																																																Missense						Missense							
TCF15	1.5072329294681968	1.4586895217606364	1.4399981724561173	1.5217094839568326																																																																		Missense	Missense										
TDRP	1.5072329294681968	1.4586895217606364	1.4399981724561173	1.5217094839568326																																																																		Frameshift indel	Missense										
TLCD3A	1.5072329294681968	1.4586895217606364	1.4399981724561173	1.5217094839568326																																																																		Missense						Missense					
TMEM169	1.5072329294681968	1.4586895217606364	1.4399981724561173	1.5217094839568326																																																																		Missense									Missense		
TSTD1	1.5072329294681968	1.4586895217606364	1.4399981724561173	1.5217094839568326																																																																			Frameshift indel,Frameshift indel				Frameshift indel,Frameshift indel						
UNC93A	1.5072329294681968	1.4586895217606364	1.4399981724561173	1.5217094839568326																																																																		Nonsense										Missense	
ZNF621	1.5072329294681968	1.4586895217606364	1.4399981724561173	1.5217094839568326																																																																									Missense				Missense
ADAMTS18	1.5056945514440718	1.1874861102283365	1.5667166940504127	1.6506879032759236	Missense		Missense					Missense			Missense,Missense,Missense			Missense	Missense						Missense	Nonsense		Missense	Missense				Missense				Missense				Nonsense							Frameshift indel,Missense,Missense						Missense								Nonsense		Missense																	
CAMSAP1	1.5056945514440718	1.1874861102283365	1.5667166940504127	1.6506879032759236							Missense	Missense,Missense		Missense	Missense	Missense	Missense		Missense		Missense	Missense	Missense		Missense,Missense,Nonsense			Missense										Missense	Nonsense				Missense	Missense		Missense																																			
CENPF	1.5056945514440718	1.1874861102283365	1.5667166940504127	1.6506879032759236	Missense							Missense	In frame indel		Frameshift indel		Missense			Nonsense				Nonsense	Missense,Missense	Missense	Frameshift indel			Missense										Missense								Nonsense	Frameshift indel,Frameshift indel	Missense	Frameshift indel,Frameshift indel										Missense																				
HIVEP2	1.5056945514440718	1.1874861102283365	1.5667166940504127	1.6506879032759236		Missense,Missense		Missense					Missense			Missense,Nonsense	Missense	Missense,Missense	Missense	Missense	Missense,Missense	Missense,Missense		Missense				Missense	Frameshift indel	Missense														Missense			Missense			Missense,Missense																															
AKAP9	1.5028103126406938	1.2765465047681022	1.63145047375476	1.7595085495821439	Missense	In frame indel			Frameshift indel			Missense	Missense,Missense,Missense,Nonsense			Missense,Missense		Missense,Nonsense			Missense	Missense	Missense					Missense,Nonsense	Missense		Missense,Missense		Missense			Missense				Missense									Missense													Missense																			
LRRK1	1.5028103126406938	1.2765465047681022	1.63145047375476	1.7595085495821439		Missense	Missense	Nonsense				Missense	Missense	Missense	Missense			Missense,Missense,Missense		Nonsense						Frameshift indel,Missense		Missense		Missense		Missense					Missense		Missense					Missense								Missense							Frameshift indel																						
CCDC40	1.4894021202416987	1.3221814888633288	1.3596759155766964	1.4908824300912613	Missense												Missense,Missense	Missense		In frame indel																																																Splice site			Missense	Missense		Missense							
SMARCA1	1.4894021202416987	1.3221814888633288	1.3596759155766964	1.4908824300912613								Missense	Missense																													Missense,Nonsense				Missense																						Missense			In frame indel	Missense					Missense				
TESK1	1.4894021202416987	1.3221814888633288	1.3596759155766964	1.4908824300912613						Missense			Missense			Missense					Missense																																																	Missense	Missense		In frame indel,Missense	Missense							
ZNF44	1.4894021202416987	1.3221814888633288	1.3596759155766964	1.4908824300912613													Missense						Missense													Missense				Missense																												Missense,Nonsense				In frame indel,Nonsense				Missense				Missense	
ABCB4	1.472626932041432	1.1003929565445458	1.4216312370768855	1.5214764159156724			Missense					Missense				Missense		Missense		Missense		Missense		Missense		Missense				Missense				Nonsense		Missense							Missense	Missense				Missense										Missense	Missense																						
ABCC9	1.472626932041432	1.1003929565445458	1.4216312370768855	1.5214764159156724	Missense,Missense				Missense	Missense		Missense	Missense		Missense		Missense	Missense	Missense,Missense					Missense	Missense				Missense					Missense												Missense														Missense,Missense				Missense																	
ATR	1.472626932041432	1.1003929565445458	1.4216312370768855	1.5214764159156724					Missense				Missense				Missense			Missense	Missense	Missense	Missense		Missense	Frameshift indel						Missense				Missense												Missense			Missense										Missense			Missense	Missense																
COL4A2	1.472626932041432	1.1003929565445458	1.4216312370768855	1.5214764159156724								Splice site				Missense	Missense	Missense,Missense			Missense			Missense	Missense	Missense		Missense	Frameshift indel	Missense									Nonsense			Splice site	Missense	Missense									Missense																												
MYH6	1.472626932041432	1.1003929565445458	1.4216312370768855	1.5214764159156724			Missense	Missense		Missense			Missense	Missense			Missense	Missense,Missense			Missense,Missense,Missense		Missense		Missense,Missense				Missense					Missense		Splice site	Missense											Missense					Missense																												
PAPPA	1.472626932041432	1.1003929565445458	1.4216312370768855	1.5214764159156724		Missense,Missense							Frameshift indel,Frameshift indel		Missense	Missense	Missense	Missense					Missense		Missense	Missense			Missense,Missense						Missense,Missense				Missense	Frameshift indel,Missense,Splice site																Frameshift indel				Missense	Frameshift indel																				
SEC16A	1.472626932041432	1.1003929565445458	1.4216312370768855	1.5214764159156724				Missense,Missense			Missense	Missense,Nonsense	Missense,Missense		Missense	Missense,Missense						Missense		Missense,Missense,Missense,Missense		Missense		Frameshift indel,In frame indel	Missense							Missense							Missense,Splice site					Missense,Missense					Missense						Missense																						
SORL1	1.472626932041432	1.1003929565445458	1.4216312370768855	1.5214764159156724			Missense,Missense,Missense					Missense	Missense			Missense,Missense,Missense			Frameshift indel	Missense	Missense			Missense	Missense	Missense	Missense			Missense		Missense																			Missense								Missense								Missense,Missense														
TET3	1.472626932041432	1.1003929565445458	1.4216312370768855	1.5214764159156724			Missense			Missense				Missense	Missense		Frameshift indel,Missense		Missense			Frameshift indel,Missense	Nonsense		Missense	Nonsense		Missense	Missense						Splice site				Missense												Frameshift indel		Missense																												
TRIP12	1.472626932041432	1.1003929565445458	1.4216312370768855	1.5214764159156724	Missense							Missense		Missense	Missense,Missense	Missense	Splice site			Missense,Missense			Missense,Missense			Missense										Missense				Missense,Missense	Missense		Missense					Missense											Missense		Missense																				
DNAH5	1.440876196784905	1.3572068874084415	1.6542016535684265	1.6200033705870267	Missense,Missense	Missense,Missense		Missense	Missense		Missense,Missense		Missense		Missense	Missense,Missense	Missense	Missense	Missense	Missense,Missense		Missense,Missense,Missense,Missense		Missense	Missense	Missense,Missense		Missense,Missense	Missense,Splice site			Missense,Missense	Missense		In frame indel,Missense	Missense,Missense,Missense		Frameshift indel	Missense						Missense,Splice site		Splice site		Splice site		Missense,Missense	Missense,Nonsense	Missense		Missense			Missense		Missense,Missense				Missense	Missense										Missense,Missense	Frameshift indel				Frameshift indel	
UNC13A	1.4388960872778542	1.2293864990673449	1.1702526365136041	1.3929787539357683												Missense	Missense		Missense					Missense					Missense,Missense				Frameshift indel		Missense																																			Missense	Missense,Missense				Missense					Missense	Missense
NEB	1.4165114377396826	1.2493494673625876	1.5631710561774024	1.467139123880957		Missense	Missense,Missense,Missense,Missense,Missense,Missense		Frameshift indel			Missense,Missense	Missense	Missense,Missense		Missense,Missense,Nonsense	Missense	Missense,Missense,Missense	Missense	Missense	Missense,Missense	Missense	Missense	Missense	Missense,Splice site		Missense,Nonsense	Missense	Frameshift indel,Missense,Missense,Missense	Missense,Missense						Missense	Splice site		Missense		Missense	Missense,Nonsense	Missense,Missense		Missense		Missense			Missense	Missense				Missense,Splice site	Missense						Missense					Missense	Nonsense							Missense	Missense					
ACAT1	1.4059012593443865	1.2484279821075595	1.2379514033718786	1.4430552690463272												Missense																																															Frameshift indel					In frame indel			Splice site			In frame indel							
CDK16	1.4059012593443865	1.2484279821075595	1.2379514033718786	1.4430552690463272													Missense																																															Missense				Missense		Missense				Frameshift indel,Missense,Missense							
ICE2	1.4059012593443865	1.2484279821075595	1.2379514033718786	1.4430552690463272													Missense																																							Missense															In frame indel								Missense	Nonsense	
LRIG2	1.4059012593443865	1.2484279821075595	1.2379514033718786	1.4430552690463272				Missense																										Missense																																		Frameshift indel		Missense									Missense		
MMP17	1.4059012593443865	1.2484279821075595	1.2379514033718786	1.4430552690463272																					Missense																							Missense																						In frame indel	Missense,Missense						In frame indel				
MTO1	1.4059012593443865	1.2484279821075595	1.2379514033718786	1.4430552690463272				Missense										Missense																																																									Missense		Missense	Missense			
NOM1	1.4059012593443865	1.2484279821075595	1.2379514033718786	1.4430552690463272															Missense							Missense																																																Missense	Missense			Missense			
RAD23B	1.4059012593443865	1.2484279821075595	1.2379514033718786	1.4430552690463272											Missense														Missense																																									Missense		Missense		Splice site							
RRP8	1.4059012593443865	1.2484279821075595	1.2379514033718786	1.4430552690463272												Missense																																						Missense																		Nonsense		Frameshift indel		Missense					
SLC8A3	1.4059012593443865	1.2484279821075595	1.2379514033718786	1.4430552690463272				Missense																																																					Frameshift indel							Splice site		Missense,Missense	Missense										
SYNJ1	1.4059012593443865	1.2484279821075595	1.2379514033718786	1.4430552690463272					Nonsense																	Missense																																														Frameshift indel,Missense		Missense					Missense		
TRAT1	1.4059012593443865	1.2484279821075595	1.2379514033718786	1.4430552690463272			Missense																Missense																																															Missense				Missense						Nonsense	
FRAS1	1.282095840424394	1.169159488660288	1.4782186032057165	1.4881908124526553		Missense,Missense	Missense			Frameshift indel,In frame indel			In frame indel,Missense,Missense,Missense	Missense,Missense		Missense,Missense	Missense			Missense			Missense	Missense		Missense			Frameshift indel,Splice site			Missense,Nonsense,Splice site	Missense,Missense,Nonsense		In frame indel				Missense	Missense		Nonsense		Missense							Missense					Missense,Missense			Nonsense				Frameshift indel											Missense							
UNC80	1.282095840424394	1.169159488660288	1.4782186032057165	1.4881908124526553	Missense			Missense,Missense				Missense,Missense,Nonsense				Missense	Missense,Nonsense	Missense			Missense	Missense,Missense	Missense	Frameshift indel		Missense			Missense	Missense			Missense,Missense	In frame indel		Missense,Missense		Nonsense		Missense					Missense									Missense	Missense					Missense						Missense										Missense					
CUL9	1.2770975431105271	1.0788355458734826	1.3651283572355544	1.3849605203752864		Missense	Missense	Missense				Missense	Missense	Missense				Missense,Missense			Missense		Missense	Missense,Missense	Missense,Missense					Missense	Nonsense				Missense		In frame indel		Missense					Missense							Missense		Missense			Missense			Missense,Missense			Splice site									Missense										
PKD1	1.2770975431105271	1.0788355458734826	1.3651283572355544	1.3849605203752864		Missense	Missense					Missense		Missense	Missense		Missense	Missense,Missense,Missense,Missense,Missense,Missense	Missense	Missense	Missense,Missense,Missense					In frame indel,Missense,Missense		Splice site	Missense	Missense,Missense	Missense		Missense			Missense				Missense,Missense		Missense,Missense							Missense						Missense											Missense								Missense							
PTPRB	1.2770975431105271	1.0788355458734826	1.3651283572355544	1.3849605203752864		Missense		Missense					Missense				Missense,Missense,Missense,Nonsense	Missense		Missense		Nonsense	Nonsense	Missense	Missense,Missense			Missense	Missense				Missense		Missense,Missense			Missense							Missense	Missense	Missense		Missense		Missense											Missense					Missense	Nonsense													
NCAPG2	1.2288259151433287	1.0150793069798616	1.0528254085559765	1.4253284916105369		Missense							Missense		Missense		Missense		Missense	Missense,Missense	Missense	Frameshift indel		Missense		Missense	Missense		Missense		Missense															Missense					Missense																														
TECTA	1.2288259151433287	1.0150793069798616	1.0528254085559765	1.4253284916105369				Frameshift indel,Missense,Missense							Missense	Nonsense			Missense		Missense	Missense		Frameshift indel			Missense						Missense		Missense							Missense		Missense		Frameshift indel													Missense			Missense																			
TRPM2	1.2288259151433287	1.0150793069798616	1.0528254085559765	1.4253284916105369		Missense	Missense		Frameshift indel			Missense				Missense			Missense		Missense,Missense,Missense									Missense		Missense					Nonsense		Frameshift indel			Nonsense					Missense,Missense			Frameshift indel															Missense																
WNK2	1.2288259151433287	1.0150793069798616	1.0528254085559765	1.4253284916105369		Missense	Missense,Nonsense	Missense				Missense,Missense			Missense,Missense		Missense						Missense,Missense	Missense,Missense					Missense,Missense						Missense						Missense					Missense							Missense,Missense				In frame indel		Missense																						
XRN1	1.2288259151433287	1.0150793069798616	1.0528254085559765	1.4253284916105369	Missense	Missense	Missense			Missense		Missense,Nonsense		Nonsense		Missense		Missense				Missense,Missense	Missense		Missense																			Missense								Missense	Splice site	Missense																											
ZC3H18	1.2288259151433287	1.0150793069798616	1.0528254085559765	1.4253284916105369		Missense						Missense	Missense	Missense	Missense				Missense	Missense	Missense	Missense		Missense		Missense		Missense,Missense					Missense									Missense																	Missense																						
DNAH9	1.1755471370610973	1.0415452067159732	1.3173680148163973	1.2831590050157677	Missense	Missense,Missense,Splice site	Missense	Missense,Missense	Frameshift indel,Missense,Missense				Nonsense	Missense,Missense	Missense		In frame indel,Missense,Missense,Nonsense	Missense,Missense	Missense		Missense		Missense,Missense		Missense,Missense			Missense,Missense	Missense,Missense								Missense	Missense	Missense,Missense		Missense	Missense,Missense			Missense,Missense	Missense						Missense				Missense			Missense,Missense			Missense						Frameshift indel						Missense							
